City_ID,City,Lat,Lng,Max Temp,Humidity,Cloudiness,Wind Speed,Country,Date
0,gamboula,4.1178,15.1393,21.24,94,100,0.73,CF,1684031848
1,aasiaat,68.7098,-52.8699,-5.15,78,100,1.97,GL,1684031850
2,princeville,45.7668,-61.2985,7.1,83,20,2.06,CA,1684031850
3,ilulissat,69.2167,-51.1,-1.99,93,100,4.63,GL,1684031850
4,byron bay,-28.65,153.6167,20.52,78,28,2.45,AU,1684031851
5,as sulayyil,20.4607,45.5779,27.14,20,0,3.14,SA,1684031851
6,saipan,15.1355,145.701,31.39,100,40,4.63,MP,1684031851
7,waitangi,-43.9535,-176.5597,14.34,76,42,0.89,NZ,1684031852
8,hawaiian paradise park,19.5933,-154.9731,25.73,75,100,3.6,US,1684031852
9,iskateley,67.6803,53.1512,-0.81,88,97,5.17,RU,1684031852
10,hermanus,-34.4187,19.2345,11.56,72,56,6.55,ZA,1684031852
11,akureyri,65.6835,-18.0878,4.96,93,100,5.14,IS,1684031853
12,petropavlovsk-kamchatsky,53.0452,158.6483,15.33,25,0,3.0,RU,1684031853
13,ushuaia,-54.8,-68.3,4.81,81,20,2.57,AR,1684031853
14,yellowknife,62.456,-114.3525,23.29,28,75,4.12,CA,1684031821
15,san jose de mayo,-34.3375,-56.7136,12.13,91,39,2.1,UY,1684031853
16,barra de santo antonio,-9.4047,-35.5072,24.6,76,36,3.53,BR,1684031854
17,tiksi,71.6872,128.8694,-6.92,66,50,2.74,RU,1684031854
18,dakhla,23.6848,-15.958,18.26,82,0,9.37,EH,1684031854
19,kodiak,57.79,-152.4072,5.73,93,100,4.63,US,1684031796
20,west island,-12.1568,96.8225,26.99,89,40,5.66,CC,1684031854
21,kilindoni,-7.9139,39.6668,26.54,78,95,4.43,TZ,1684031854
22,san sebastian de la gomera,28.0916,-17.1133,20.2,63,0,2.57,ES,1684031855
23,nema,57.5067,50.5011,7.85,86,100,4.75,RU,1684031855
24,east london,-33.0153,27.9116,17.39,92,97,7.32,ZA,1684031855
25,talnakh,69.4865,88.3972,-6.55,92,100,3.94,RU,1684031855
26,kristiansund,63.1115,7.732,7.36,93,5,2.06,NO,1684031855
27,mandali,33.7499,45.5541,24.42,31,0,3.72,IQ,1684031856
28,edinburgh of the seven seas,-37.0676,-12.3116,17.95,97,100,9.24,SH,1684031856
29,wald-michelbach,49.57,8.8317,11.27,82,87,1.86,DE,1684031856
30,bathsheba,13.2167,-59.5167,27.34,78,20,5.14,BB,1684031856
31,saint-pierre,-21.3393,55.4781,22.82,64,0,2.06,RE,1684031856
32,magadan,59.5667,150.8,2.52,94,90,2.46,RU,1684031857
33,praia da vitoria,38.7333,-27.0667,18.2,94,40,3.15,PT,1684031857
34,hithadhoo,-0.6,73.0833,28.59,76,100,7.49,MV,1684031857
35,daru,-9.0763,143.2092,27.61,88,86,6.15,PG,1684031810
36,kingston,17.997,-76.7936,28.53,82,20,6.17,JM,1684031758
37,wailua homesteads,22.0669,-159.378,26.24,86,100,7.2,US,1684031858
38,utrik,11.2278,169.8474,27.58,80,6,7.07,MH,1684031858
39,al jabin,14.704,43.599,15.77,77,1,0.3,YE,1684031858
40,puerto baquerizo moreno,-0.9,-89.6,26.03,81,62,5.78,EC,1684031858
41,atafu village,-8.5421,-172.5159,28.59,77,29,3.65,TK,1684031858
42,manacapuru,-3.2997,-60.6206,24.9,88,25,1.51,BR,1684031643
43,ribeira grande,38.5167,-28.7,16.54,86,93,3.13,PT,1684031859
44,punta arenas,-53.15,-70.9167,3.06,93,0,1.03,CL,1684031716
45,grytviken,-54.2811,-36.5092,0.33,86,100,3.25,GS,1684031859
46,pangody,65.85,74.4859,-6.98,90,58,6.3,RU,1684031859
47,pyrzyce,53.1462,14.8926,13.0,92,18,3.2,PL,1684031859
48,blackmans bay,-43.0167,147.3167,14.29,60,83,1.91,AU,1684031860
49,talakan,50.3167,130.3667,19.18,50,59,4.2,RU,1684031860
50,la'ie,21.6477,-157.9253,27.98,68,32,1.79,US,1684031860
51,taksimo,56.3444,114.8794,3.39,71,100,3.58,RU,1684031595
52,udachny,66.4167,112.4,1.36,59,100,4.48,RU,1684031860
53,keflavik,64.0049,-22.5624,6.24,87,100,10.8,IS,1684031861
54,norrtalje,59.758,18.705,10.01,62,0,2.25,SE,1684031861
55,aras-asan,8.8908,126.3033,29.64,71,87,2.71,PH,1684031861
56,nogliki,51.8333,143.1667,16.58,51,31,5.85,RU,1684031861
57,pandan,14.0453,124.1694,29.02,71,73,1.78,PH,1684031862
58,rongelap,11.1635,166.8941,27.85,79,23,6.89,MH,1684031862
59,champasak,14.75,106.0,26.49,90,100,1.16,LA,1684031862
60,bac lieu,9.285,105.7244,31.68,61,37,4.3,VN,1684031862
61,ojocaliente,21.8775,-102.6754,23.08,21,13,3.85,MX,1684031862
62,invercargill,-46.4,168.35,8.34,95,99,1.34,NZ,1684031862
63,uturoa,-16.7333,-151.4333,27.47,72,3,2.12,PF,1684031863
64,papao,-17.75,-149.55,29.82,81,35,6.31,PF,1684031863
65,college,64.8569,-147.8028,19.21,30,40,7.2,US,1684031819
66,sikasso,10.9167,-7.0,27.74,65,99,1.51,ML,1684031863
67,badger,64.8,-147.5333,19.17,30,0,7.2,US,1684031725
68,sorso,40.8,8.5772,12.27,88,75,1.51,IT,1684031864
69,weno,7.4515,151.8468,28.84,74,100,2.98,FM,1684031864
70,ha tinh,18.3333,105.9,26.29,71,100,2.72,VN,1684031864
71,adamstown,-25.066,-130.1015,22.79,74,100,8.62,PN,1684031864
72,howrah,22.5892,88.3103,30.0,74,40,4.63,IN,1684031865
73,jabor,5.921,169.6434,28.43,82,100,8.31,MH,1684031865
74,vorgashor,67.5833,63.95,-6.99,92,100,3.63,RU,1684031865
75,vilyuchinsk,52.9306,158.4028,16.15,64,15,4.17,RU,1684031865
76,ridgecrest,35.6225,-117.6709,31.92,11,0,5.66,US,1684031790
77,glenfield park,-35.1372,147.334,20.33,65,1,0.89,AU,1684031865
78,minas de marcona,-15.2119,-75.1103,15.76,84,19,1.77,PE,1684031866
79,hamilton,39.1834,-84.5333,22.19,83,40,0.0,US,1684031580
80,coahuayana de hidalgo,18.7,-103.6583,23.8,72,0,0.86,MX,1684031866
81,puerto ayora,-0.7393,-90.3518,26.97,96,99,3.58,EC,1684031866
82,iqaluit,63.7506,-68.5145,-5.15,80,75,2.57,CA,1684031866
83,nkove,-7.95,30.85,23.15,74,92,1.42,TZ,1684031867
84,port mathurin,-19.6833,63.4167,25.51,74,4,6.5,MU,1684031867
85,poronaysk,49.2167,143.1167,15.78,53,100,5.02,RU,1684031867
86,barcelos,41.5388,-8.6151,15.47,87,6,2.65,PT,1684031867
87,burela de cabo,43.65,-7.4,14.54,88,93,1.85,ES,1684031867
88,chernyshevskiy,63.0128,112.4714,-0.9,85,100,4.69,RU,1684031867
89,puerto natales,-51.7236,-72.4875,4.67,91,91,2.43,CL,1684031868
90,carnarvon,-24.8667,113.6333,21.25,45,34,6.95,AU,1684031868
91,margaret river,-33.95,115.0667,16.8,63,81,3.41,AU,1684031868
92,enewetak,11.3474,162.3373,27.86,76,14,6.31,MH,1684031868
93,tommot,58.9564,126.2925,5.95,90,100,0.93,RU,1684031869
94,port-aux-francais,-49.35,70.2167,3.22,61,40,4.84,TF,1684031869
95,taskent,41.2646,69.2163,21.97,46,0,3.09,UZ,1684031683
96,nabire,-3.3667,135.4833,31.29,62,12,2.28,ID,1684031869
97,tiquipaya,-17.3382,-66.2189,14.4,36,38,2.06,BO,1684031869
98,aral,40.5156,81.2636,25.16,7,100,0.74,CN,1684031870
99,meulaboh,4.1363,96.1285,29.85,66,95,0.48,ID,1684031870
100,nar'yan-mar,67.6713,53.087,-0.73,88,97,5.18,RU,1684031870
101,albany,42.6001,-73.9662,16.23,44,5,2.96,US,1684031870
102,bilibino,68.0546,166.4372,-5.37,56,2,1.1,RU,1684031870
103,richards bay,-28.783,32.0377,19.47,79,77,3.73,ZA,1684031871
104,santana,-0.0583,-51.1817,29.1,89,40,3.6,BR,1684031871
105,inirida,3.8653,-67.9239,23.51,96,84,0.07,CO,1684031871
106,freetown,8.484,-13.2299,26.38,87,100,3.54,SL,1684031872
107,berezovo,63.9381,65.0419,0.03,60,100,3.35,RU,1684031873
108,alice springs,-23.7,133.8833,22.75,28,40,7.2,AU,1684031709
109,kununurra,-15.7667,128.7333,29.99,30,22,5.66,AU,1684031873
110,cangucu,-31.395,-52.6756,11.1,88,76,2.69,BR,1684031873
111,isafjordur,66.0755,-23.124,2.87,99,100,6.79,IS,1684031874
112,gbarnga,6.9956,-9.4722,23.02,100,100,0.73,LR,1684031874
113,lerwick,60.1545,-1.1494,8.0,93,100,7.48,GB,1684031874
114,tonk,26.1667,75.7833,35.26,18,15,6.91,IN,1684031875
115,superior,46.7208,-92.1041,13.26,56,0,8.23,US,1684031858
116,olonkinbyen,70.9221,-8.7187,0.86,99,100,6.67,SJ,1684031875
117,nagato,34.3833,131.2,18.78,80,28,1.36,JP,1684031875
118,rosarito,32.3333,-117.0333,16.46,82,39,1.26,MX,1684031875
119,manokwari,-0.8667,134.0833,30.25,68,28,4.55,ID,1684031876
120,yantzaza,-3.8278,-78.7594,19.64,99,93,0.1,EC,1684031876
121,avarua,-21.2078,-159.775,27.03,83,75,3.6,CK,1684031876
122,chiras,35.4167,65.9823,8.49,52,0,1.73,AF,1684031876
123,stanley,54.868,-1.6985,7.51,92,100,1.74,GB,1684031645
124,port alfred,-33.5906,26.891,16.77,87,100,2.68,ZA,1684031876
125,howard springs,-12.497,131.047,31.57,61,38,2.52,AU,1684031877
126,toliara,-23.35,43.6667,21.48,81,26,2.76,MG,1684031877
127,posto fiscal rolim de moura,-13.0833,-62.2667,21.97,84,99,1.25,BR,1684031877
128,errachidia,31.9275,-4.4285,18.03,34,40,7.72,MA,1684031877
129,lihue,21.9789,-159.3672,26.58,87,100,7.2,US,1684031878
130,atchison,39.563,-95.1216,23.32,65,95,2.61,US,1684031878
131,qaqortoq,60.7167,-46.0333,0.6,85,100,0.58,GL,1684031878
132,paita,-5.0892,-81.1144,24.85,79,1,5.8,PE,1684031878
133,bethel,41.3712,-73.414,20.2,51,82,2.82,US,1684031878
134,kavieng,-2.5744,150.7967,28.44,75,99,0.48,PG,1684031878
135,baiti,13.745,-14.7482,26.66,54,49,4.71,SN,1684031879
136,saudarkrokur,65.7461,-19.6394,3.12,99,100,3.92,IS,1684031879
137,panorama,40.5878,23.0315,13.63,84,20,1.34,GR,1684031879
138,taghazout,30.5426,-9.7112,17.43,64,0,1.85,MA,1684031879
139,nalut,30.3333,10.85,26.4,22,100,5.7,LY,1684031879
140,dadukou,26.5479,101.7054,23.44,49,100,0.8,CN,1684031880
141,longyearbyen,78.2186,15.6401,-2.67,95,100,7.05,SJ,1684031783
142,tubarjal,30.4999,38.216,16.95,57,0,3.88,SA,1684031880
143,jacmel,18.2342,-72.5347,25.27,83,100,0.54,HT,1684031880
144,alakurtti,66.9672,30.3491,4.31,98,96,0.92,RU,1684031880
145,ruska poliana,49.417,31.9201,11.85,76,100,1.61,UA,1684031881
146,kastsyukovichy,53.3516,32.0506,9.42,71,27,2.17,BY,1684031881
147,al bawiti,28.3492,28.8659,16.53,57,96,3.51,EG,1684031881
148,launceston,-41.45,147.1667,15.9,73,100,6.17,AU,1684031881
149,saldanha,-33.0117,17.9442,12.03,79,0,7.58,ZA,1684031881
150,qarqaraly,49.4058,75.4742,14.2,35,92,9.02,KZ,1684031882
151,tam ky,15.5667,108.4833,28.71,80,91,3.7,VN,1684031882
152,hammerfest,70.6634,23.6821,6.25,87,100,9.26,NO,1684031882
153,luganville,-15.5333,167.1667,27.04,82,94,5.24,VU,1684031883
154,taltal,-25.4,-70.4833,17.57,84,100,0.22,CL,1684031883
155,colonia,50.9333,6.95,12.14,90,17,1.03,DE,1684031883
156,bredasdorp,-34.5322,20.0403,13.62,72,89,5.61,ZA,1684031884
157,paysandu,-32.3214,-58.0756,15.34,74,8,3.05,UY,1684031825
158,smithers,54.7804,-127.1743,22.18,37,75,2.06,CA,1684031884
159,arteche,12.2645,125.4048,29.81,65,82,2.33,PH,1684031885
160,lahij,13.1667,44.5833,27.54,68,0,0.85,YE,1684031885
161,addis ababa,9.025,38.7469,13.49,88,40,2.06,ET,1684031885
162,port elizabeth,-33.918,25.5701,16.16,94,40,5.14,ZA,1684031885
163,alva,56.1528,-3.8051,12.19,89,100,0.89,GB,1684031886
164,krasnoslobodsk,48.7072,44.5714,9.9,71,0,2.0,RU,1684031886
165,ola,59.5833,151.2833,2.86,95,100,2.95,RU,1684031886
166,sarmiento,-45.5882,-69.07,12.76,64,84,1.74,AR,1684031886
167,filingue,14.3521,3.3168,31.24,38,87,2.96,NE,1684031887
168,ust'-ilimsk,58.0006,102.6619,2.51,40,90,5.18,RU,1684031887
169,lalsot,26.5667,76.3333,35.61,16,30,6.41,IN,1684031887
170,flying fish cove,-10.4217,105.6791,27.82,74,75,7.72,CX,1684031888
171,vernon,50.2581,-119.2691,28.2,29,99,0.0,CA,1684031888
172,bouarfa,32.53,-1.95,11.15,52,75,10.09,MA,1684031888
173,quellon,-43.1167,-73.6167,14.14,100,100,1.03,CL,1684031888
174,goundam,16.4145,-3.6708,33.08,28,90,0.68,ML,1684031888
175,nanakuli,21.3906,-158.1547,27.97,56,100,3.6,US,1684031889
176,st. john's,47.5649,-52.7093,5.44,96,100,6.17,CA,1684031770
177,cidreira,-30.1811,-50.2056,14.17,73,42,3.1,BR,1684031889
178,nemuro,43.3236,145.575,8.92,96,70,7.46,JP,1684031889
179,malango,-2.9627,119.9001,28.11,58,14,1.53,ID,1684031890
180,oranjestad,12.524,-70.027,27.97,86,20,11.32,AW,1684031882
181,mananjary,-21.2167,48.3333,21.76,92,29,1.2,MG,1684031890
182,monteria,8.748,-75.8814,28.95,79,40,1.03,CO,1684031890
183,coquimbo,-29.9533,-71.3436,12.85,100,0,0.0,CL,1684031891
184,port saint john's,-31.6229,29.5448,18.77,87,100,2.3,ZA,1684031891
185,selfoss,63.9331,-20.9971,5.02,95,100,10.42,IS,1684031891
186,miquelon,47.0975,-56.3814,4.0,99,100,5.16,PM,1684031891
187,novyye burasy,52.1324,46.0714,11.3,80,52,2.67,RU,1684031892
188,lompoc,34.6391,-120.4579,16.99,91,100,2.57,US,1684031892
189,moroni,-11.7022,43.2551,25.61,79,42,2.92,KM,1684031892
190,lebu,-37.6167,-73.65,11.76,91,100,3.45,CL,1684031892
191,kalach,50.4258,41.0261,11.44,81,15,1.68,RU,1684031893
192,praya,14.9215,-23.5087,23.3,73,75,4.12,CV,1684031893
193,dongola,19.1667,30.4833,25.39,13,0,5.74,SD,1684031894
194,caiaponia,-16.9567,-51.8103,15.97,61,28,1.89,BR,1684031894
195,lodja,-3.4833,23.4333,22.35,88,87,0.74,CD,1684031894
196,flowery branch,34.1851,-83.9252,23.79,87,0,2.06,US,1684031896
197,tazovsky,67.4667,78.7,-7.72,90,100,7.99,RU,1684031896
198,aginskoye,51.1,114.53,13.1,24,62,3.31,RU,1684031896
199,ambares-et-lagrave,44.9167,-0.4833,12.47,95,5,2.47,FR,1684031897
200,kabalo,-6.05,26.9167,21.19,89,88,1.51,CD,1684031897
201,sebastopol,44.6,33.5333,12.6,61,89,2.28,UA,1684031897
202,afaahiti,-17.75,-149.2833,28.93,81,62,5.65,PF,1684031898
203,walvis bay,-22.9575,14.5053,12.27,93,1,4.12,NA,1684031898
204,pacasmayo,-7.4006,-79.5714,23.53,80,0,3.86,PE,1684031898
205,zaltan,32.947,11.8665,19.48,85,52,6.97,LY,1684031899
206,khovd,48.0056,91.6419,19.66,25,13,5.55,MN,1684031899
207,bangui,4.3612,18.555,21.9,95,68,1.22,CF,1684031899
208,manta,-0.95,-80.7333,25.88,83,40,5.14,EC,1684031900
209,al hasakah,36.5024,40.7477,18.56,45,0,7.76,SY,1684031606
210,kapa'a,22.0752,-159.319,26.99,86,100,7.2,US,1684031900
211,atasu,48.6814,71.6433,14.8,40,68,5.22,KZ,1684031900
212,porto-vecchio,41.591,9.2795,11.74,93,40,1.54,FR,1684031901
213,radashkovichy,54.1551,27.2424,10.31,74,16,2.07,BY,1684031901
214,lospalos,-8.5186,127.0025,25.82,63,46,5.66,TL,1684031901
215,moussoro,13.6408,16.4901,31.33,18,100,3.35,TD,1684031901
216,ancud,-41.8697,-73.8203,12.71,91,100,3.73,CL,1684031902
217,timimoun,29.2639,0.231,23.19,31,2,9.33,DZ,1684031902
218,nelson bay,-32.7167,152.15,21.03,81,38,0.89,AU,1684031902
219,hohhot,40.8106,111.6522,22.16,21,0,2.0,CN,1684031902
220,yuzhno-kurilsk,44.0306,145.8556,10.15,87,100,4.77,RU,1684031903
221,at taraf,25.3628,49.725,29.3,14,20,4.77,SA,1684031903
222,yakeshi,49.2833,120.7333,16.45,31,100,5.39,CN,1684031903
223,uglegorsk,49.0833,142.0333,11.45,69,100,6.69,RU,1684031904
224,fortuna,40.5982,-124.1573,14.4,90,100,3.6,US,1684031904
225,hilo,19.7297,-155.09,27.38,76,100,3.6,US,1684031905
226,amilly,47.9728,2.7719,10.08,97,11,2.97,FR,1684031905
227,ust-nera,64.5667,143.2,1.09,66,96,2.16,RU,1684031905
228,retreat,38.8245,-85.8533,21.88,96,100,2.86,US,1684031906
229,chuhar jamali,24.3895,67.9923,30.36,68,0,7.87,PK,1684031906
230,constantia,44.1833,28.65,8.17,60,72,1.66,RO,1684031906
231,ghanzi,-21.5667,21.7833,17.69,33,60,2.11,BW,1684031907
232,thulamahashi,-24.7246,31.1994,20.28,95,18,1.44,ZA,1684031907
233,arraial do cabo,-22.9661,-42.0278,21.25,65,98,0.86,BR,1684031908
234,kapuskasing,49.4169,-82.4331,8.05,39,20,2.57,CA,1684031908
235,nova sintra,14.8667,-24.7167,19.9,81,32,6.25,CV,1684031908
236,saint-philippe,-21.3585,55.7679,22.77,81,40,1.73,RE,1684031908
237,vitorino freire,-4.0667,-45.1667,23.26,97,84,1.58,BR,1684031909
238,nuuk,64.1835,-51.7216,-0.66,80,100,2.57,GL,1684031909
239,vejalpur,22.6833,73.5667,32.35,38,0,3.99,IN,1684031909
240,mahdia,35.5047,11.0622,18.97,82,100,12.3,TN,1684031910
241,thompson,55.7435,-97.8558,20.09,26,75,3.09,CA,1684031910
242,port augusta,-32.5,137.7667,22.43,27,55,2.0,AU,1684031910
243,beruniy,41.6911,60.7525,17.98,36,0,6.17,UZ,1684031910
244,borzya,50.3833,116.5167,13.84,27,61,3.61,RU,1684031910
245,arroyo,41.6096,-4.7969,6.02,93,0,1.03,ES,1684031911
246,williams lake,52.1415,-122.1445,26.76,25,40,3.6,CA,1684031714
247,bani suwayf,29.0744,31.0979,17.42,66,100,5.48,EG,1684031911
248,fray bentos,-33.1325,-58.2956,15.96,82,11,2.86,UY,1684031912
249,zhanibek,49.4167,46.85,13.97,68,71,2.58,KZ,1684031912
250,seaside,36.6111,-121.8516,18.73,88,0,2.06,US,1684031840
251,nadym,65.5333,72.5167,-4.44,84,73,6.63,RU,1684031912
252,kulachi,31.9286,70.4592,31.57,24,0,4.11,PK,1684031913
253,montignoso,44.024,10.1726,11.73,89,100,3.03,IT,1684031913
254,pizarro,4.9533,-77.366,26.6,87,100,1.14,CO,1684031913
255,sidi bennour,32.6524,-8.4277,13.09,84,0,2.39,MA,1684031913
256,yeed,4.55,43.0333,24.45,77,10,6.09,SO,1684031914
257,holualoa,19.6228,-155.9522,27.91,67,75,6.17,US,1684031914
258,pacific grove,36.6177,-121.9166,18.45,88,0,2.06,US,1684031914
259,dampit,-8.2116,112.7493,26.35,65,28,4.11,ID,1684031914
260,sitka,57.0531,-135.33,12.94,71,75,1.54,US,1684031915
261,bor,56.3567,44.0669,8.96,90,95,4.11,RU,1684031915
262,berdigestyakh,62.0989,126.6992,9.99,48,100,2.6,RU,1684031915
263,mount gambier,-37.8333,140.7667,18.2,44,6,2.83,AU,1684031915
264,gore,-46.1028,168.9436,9.8,90,100,1.65,NZ,1684031915
265,refahiye,39.9008,38.7667,5.17,90,99,1.74,TR,1684031915
266,i-n-salah,27.1935,2.4607,29.66,13,99,1.08,DZ,1684031916
267,san luis de la loma,17.2706,-100.8939,27.64,74,45,3.05,MX,1684031916
268,khash,28.2211,61.2158,25.3,15,0,2.33,IR,1684031916
269,zaozersk,69.4005,32.4476,5.66,90,100,3.26,RU,1684031916
270,rio grande,-32.035,-52.0986,15.41,81,76,5.67,BR,1684031916
271,el porvenir,13.7617,-87.3458,24.63,69,97,1.46,HN,1684031917
272,miri,4.4148,114.0089,28.08,83,40,1.54,MY,1684031917
273,katsuren-haebaru,26.3369,127.8719,23.43,62,75,3.6,JP,1684031917
274,woodlake,37.4211,-77.6793,18.66,87,100,1.54,US,1684031918
275,east ballina,-28.8667,153.5833,20.56,89,17,2.62,AU,1684031880
276,vadso,70.0744,29.7487,7.49,65,75,3.6,NO,1684031919
277,phan rang-thap cham,11.5667,108.9833,32.66,57,73,3.18,VN,1684031919
278,ulsteinvik,62.3432,5.8487,10.42,90,98,1.34,NO,1684031919
279,kampong chhnang,12.1667,104.55,33.46,46,100,2.69,KH,1684031920
280,happy valley-goose bay,53.3168,-60.3315,4.17,93,100,6.17,CA,1684031920
281,champoton,19.35,-90.7167,29.64,60,28,4.26,MX,1684031921
282,reggane,26.7158,0.1714,29.88,12,34,3.58,DZ,1684031921
283,kerema,-7.9631,145.7785,28.6,79,94,1.47,PG,1684031922
284,posse,-14.0931,-46.3694,22.17,64,97,1.37,BR,1684031922
285,quartu sant'elena,39.2419,9.1839,15.58,80,0,4.02,IT,1684031922
286,bukama,-9.2,25.85,19.07,74,53,1.17,CD,1684031922
287,sinabang,2.4803,96.3801,29.76,71,54,0.85,ID,1684031922
288,papatowai,-46.5619,169.4708,11.26,79,83,2.18,NZ,1684031923
289,euskirchen,50.6667,6.7833,9.84,93,16,0.37,DE,1684031923
290,ceggia,45.6892,12.6367,13.52,82,100,3.62,IT,1684031923
291,jamestown,42.097,-79.2353,16.8,64,0,2.06,US,1684031731
292,idri,27.5,13.2667,23.57,22,4,4.05,LY,1684031923
293,nagqu,31.5,92.0,2.48,17,0,3.13,CN,1684031924
294,songea,-10.6833,35.65,16.27,87,80,0.47,TZ,1684031924
295,gizo,-8.103,156.8419,29.17,72,83,1.34,SB,1684031924
296,tikhvin,59.6451,33.5294,7.96,73,21,1.25,RU,1684031924
297,aykhal,66.0,111.5,-0.64,98,100,5.23,RU,1684031924
298,dudinka,69.4058,86.1778,-5.21,92,100,2.1,RU,1684031924
299,solonytsivka,49.9968,36.0346,10.37,87,11,2.3,UA,1684031925
300,crescent city,41.756,-124.2018,22.58,82,0,3.09,US,1684031925
301,wafangdian,39.6183,122.0081,20.4,49,0,6.26,CN,1684031925
302,paracuru,-3.41,-39.0306,28.39,84,45,3.18,BR,1684031925
303,shache,38.4167,77.2406,24.31,22,99,1.9,CN,1684031925
304,jastrzebie zdroj,49.9554,18.5748,11.05,88,61,1.5,PL,1684031926
305,sisimiut,66.9395,-53.6735,-3.18,80,34,3.49,GL,1684031926
306,sainte-marie,-20.8968,55.5496,23.09,87,0,3.09,RE,1684031926
307,borogontsy,62.6683,131.1683,10.91,39,91,1.97,RU,1684031926
308,moncks corner,33.196,-80.0131,23.08,78,0,0.0,US,1684031926
309,inhambane,-23.865,35.3833,21.13,83,0,0.62,MZ,1684031927
310,liberal,37.0431,-100.921,17.58,100,100,4.12,US,1684031927
311,bayji,34.9311,43.487,22.32,51,0,7.15,IQ,1684031927
312,madalena,41.2162,-8.3345,14.7,73,0,1.74,PT,1684031927
313,urengoy,65.9667,78.3667,-5.82,87,100,8.63,RU,1684031927
314,newman,37.3138,-121.0208,32.19,35,0,2.53,US,1684031927
315,cill airne,52.05,-9.5167,10.32,91,100,1.97,IE,1684031928
316,tofol,5.3248,163.0078,28.16,78,99,6.02,FM,1684031928
317,derzhavinsk,51.1,66.3167,5.74,79,100,7.58,KZ,1684031928
318,guerrero negro,27.9769,-114.0611,15.33,83,0,6.63,MX,1684031928
319,tongren,27.7172,109.1853,23.64,63,100,1.27,CN,1684031928
320,namibe,-15.1961,12.1522,21.33,78,35,3.69,AO,1684031929
321,bria,6.5423,21.9863,21.55,89,83,1.27,CF,1684031929
322,port blair,11.6667,92.75,30.14,76,100,8.86,IN,1684031929
323,makum,27.5,95.45,26.9,47,100,2.09,IN,1684031929
324,bandon,51.7469,-8.7425,9.77,91,100,2.95,IE,1684031766
325,tolanaro,-25.0319,46.9987,20.04,100,20,1.03,MG,1684031930
326,katsuura,35.1333,140.3,18.79,63,100,8.11,JP,1684031930
327,fisterra,42.9049,-9.2629,15.01,80,100,7.04,ES,1684031930
328,egilsstadir,65.2653,-14.3948,8.95,66,75,5.14,IS,1684031930
329,tevriz,57.509,72.4042,10.22,28,100,1.39,RU,1684031930
330,horta,38.5333,-28.6333,16.12,86,94,3.13,PT,1684031931
331,kirakira,-10.4544,161.9205,29.02,79,86,2.6,SB,1684031931
332,parkersburg,39.2667,-81.5615,17.34,87,0,0.0,US,1684031825
333,lata,40.1629,-8.3327,11.15,88,0,1.43,PT,1684031931
334,makhalino,53.0854,46.2211,10.07,88,51,3.0,RU,1684031931
335,ciudad lazaro cardenas,17.9583,-102.2,26.64,65,0,2.75,MX,1684031696
336,tura,25.5198,90.2201,31.19,34,88,0.74,IN,1684031932
337,langsa,4.4683,97.9683,31.7,61,46,1.15,ID,1684031932
338,svatove,49.4103,38.1503,11.1,84,8,2.18,UA,1684031932
339,langepas,61.2544,75.2124,6.38,73,100,5.07,RU,1684031932
340,popondetta,-8.7537,148.2534,31.97,63,97,3.02,PG,1684031932
341,alofi,-19.0595,-169.9187,26.94,74,81,3.6,NU,1684031933
342,kone,-21.0595,164.8658,24.8,67,99,4.45,NC,1684031933
343,north branch,45.5113,-92.9802,16.22,68,70,2.68,US,1684031933
344,jawf al maqbabah,13.8378,45.8349,25.93,62,0,0.9,YE,1684031933
345,georgetown,5.4112,100.3354,31.97,74,20,1.54,MY,1684031933
346,krasnoufimsk,56.6059,57.7669,9.51,85,100,1.87,RU,1684031934
347,abbeville,50.1,1.8333,10.14,95,8,1.86,FR,1684031934
348,bubaque,11.2833,-15.8333,25.77,77,96,4.54,GW,1684031934
349,castillos,-34.1667,-53.8333,12.28,94,100,2.32,UY,1684031934
350,amahai,-3.3333,128.9167,27.55,85,69,3.99,ID,1684031934
351,campbellton,48.0075,-66.6727,7.25,62,45,5.23,CA,1684031935
352,beius,46.6667,22.35,9.4,86,100,2.02,RO,1684031935
353,del rio,29.3627,-100.8968,23.06,80,100,2.06,US,1684031935
354,nadi,-17.8,177.4167,28.0,69,100,4.63,FJ,1684031935
355,nyurba,63.2842,118.3319,3.91,95,100,3.06,RU,1684031935
356,dera bugti,29.0307,69.151,34.67,12,13,3.62,PK,1684031936
357,fale old settlement,-9.3852,-171.2468,28.5,77,15,3.22,TK,1684031936
358,mejit,10.2753,170.8646,27.74,80,8,7.82,MH,1684031936
359,tanumah,27.1,44.1333,25.41,19,13,5.51,SA,1684031936
360,khao wong,16.7001,104.0902,29.37,69,90,2.46,TH,1684031936
361,fuglafjordur,62.244,-6.814,8.26,84,81,6.76,FO,1684031937
362,san patricio,28.017,-97.5169,24.91,84,98,3.58,US,1684031937
363,whitehorse,60.7161,-135.0538,15.05,31,75,7.2,CA,1684031801
364,bonthe,7.5264,-12.505,26.74,86,95,2.65,SL,1684031937
365,mount pearl,47.5166,-52.7813,4.98,96,100,6.17,CA,1684031672
366,champerico,14.3,-91.9167,28.61,71,7,1.4,GT,1684031937
367,klyuchi,52.2667,79.1667,14.17,46,100,3.8,RU,1684031938
368,narsipatnam,17.6667,82.6167,31.29,50,100,1.57,IN,1684031938
369,isangel,-19.55,169.2667,27.06,78,75,4.12,VU,1684031938
370,balkh,36.75,67.0,28.37,21,0,1.57,AF,1684031938
371,fort bragg,35.139,-79.006,23.91,68,20,3.6,US,1684031768
372,bathurst,-33.4166,149.5806,17.76,59,100,0.45,AU,1684031788
373,ntungamo,-0.8833,29.65,17.31,86,61,1.57,UG,1684031939
374,boiling spring lakes,34.0304,-78.0672,22.72,78,0,2.06,US,1684031939
375,marat,25.0701,45.4615,27.84,18,81,5.36,SA,1684031939
376,puerto madryn,-42.7692,-65.0385,15.87,57,74,3.56,AR,1684031939
377,puerto deseado,-47.7503,-65.8938,9.75,48,55,6.45,AR,1684031939
378,mildura,-34.2,142.15,25.04,40,0,1.28,AU,1684031939
379,pirallahi,40.4723,50.333,14.08,85,99,16.16,AZ,1684031940
380,newport,51.5877,-2.9984,10.84,90,30,0.77,GB,1684031940
381,bardai,11.65,7.2333,26.29,35,30,3.91,NG,1684031940
382,vila franca do campo,37.7167,-25.4333,16.23,86,87,2.2,PT,1684031940
383,licheng,23.2955,113.8284,22.01,95,100,0.71,CN,1684031940
384,korla,41.7597,86.1469,25.49,21,47,4.24,CN,1684031941
385,nouadhibou,20.931,-17.0347,18.99,88,20,4.63,MR,1684031942
386,sergeyevka,53.88,67.4158,4.09,85,100,6.14,KZ,1684031943
387,kuanda,56.3161,116.0806,6.97,56,100,3.36,RU,1684031944
388,margate,51.3813,1.3862,9.94,85,18,2.68,GB,1684031944
389,al mindak,20.1588,41.2834,19.78,43,0,1.21,SA,1684031945
390,malabar,-33.9667,151.25,20.73,74,20,5.14,AU,1684031945
391,motueka,-41.1333,173.0167,15.61,71,71,0.46,NZ,1684031945
392,jardim paulista,-23.19,-45.8738,14.21,88,40,2.06,BR,1684031946
393,san antonio de pale,-1.4014,5.6325,27.42,82,68,3.95,GQ,1684031946
394,nadvoitsy,63.8667,34.3167,6.29,78,78,2.74,RU,1684031946
395,rikaze,29.25,88.8833,11.43,18,0,1.79,CN,1684031946
396,harstad,68.799,16.5293,6.75,98,100,8.05,NO,1684031947
397,sao joao da barra,-21.6403,-41.0511,20.08,78,91,3.24,BR,1684031947
398,queenstown,-31.8976,26.8753,10.21,98,100,3.01,ZA,1684031947
399,susuman,62.7833,148.1667,-1.2,83,99,2.12,RU,1684031948
400,addiet canna,11.2667,37.4833,18.98,44,99,2.36,ET,1684031948
401,antigonish,45.6169,-61.9986,6.01,92,100,2.76,CA,1684031948
402,bowen,-20.0167,148.2333,25.84,61,97,7.25,AU,1684031948
403,seabra,-12.4186,-41.7703,19.78,93,98,0.62,BR,1684031949
404,alliance,40.9153,-81.1059,19.12,93,86,2.02,US,1684031773
405,kudahuvadhoo,2.6708,72.8944,28.34,78,99,8.01,MV,1684031949
406,hasaki,35.7333,140.8333,19.22,63,100,8.47,JP,1684031949
407,pochinki,54.6988,44.8668,8.91,93,28,4.88,RU,1684031950
408,tralee,52.2704,-9.7026,10.05,93,100,2.32,IE,1684031935
409,lascano,-33.6667,-54.2,11.64,92,80,1.63,UY,1684031950
410,ulanhot,46.0833,122.0833,25.94,12,52,6.72,CN,1684031951
411,broome,42.2506,-75.833,13.36,68,84,0.45,US,1684031951
412,lautoka,-17.6167,177.4667,27.92,69,100,4.63,FJ,1684031951
413,serchhip,23.3,92.8333,17.23,97,100,2.04,IN,1684031951
414,igarka,67.4667,86.5833,-3.13,93,100,4.89,RU,1684031952
415,marquelia,16.5833,-98.8167,27.42,69,3,0.16,MX,1684031952
416,haiku-pauwela,20.9219,-156.3051,25.65,66,40,5.14,US,1684031952
417,new norfolk,-42.7826,147.0587,14.95,61,71,1.34,AU,1684031953
418,odemira,37.598,-8.6397,13.42,83,0,1.36,PT,1684031953
419,laguna,38.421,-121.4238,33.57,23,0,3.6,US,1684031875
420,manghit,42.1156,60.0597,18.99,25,25,7.04,UZ,1684031953
421,ko pha ngan,9.7578,100.0291,30.38,69,70,4.69,TH,1684031954
422,yaren,-0.5472,166.916,28.26,79,100,2.8,NR,1684031954
423,dwarka,22.2394,68.9678,29.27,80,0,6.85,IN,1684031954
424,sterlitamak,53.6246,55.9502,9.63,71,16,1.64,RU,1684031954
425,solhan,38.9634,41.0293,8.51,82,5,2.3,TR,1684031955
426,schofield barracks,21.4936,-158.0615,26.18,57,100,3.6,US,1684031955
427,mushabani,22.5167,86.45,30.06,38,82,2.98,IN,1684031955
428,vytegra,61.0064,36.4481,7.18,79,31,0.38,RU,1684031956
429,eyl,7.9803,49.8164,27.62,79,23,5.61,SO,1684031956
430,lasem,-6.6922,111.4527,28.07,68,63,4.04,ID,1684031956
431,rundu,-17.9333,19.7667,14.44,47,11,1.9,NA,1684031956
432,ghat,24.9647,10.1728,26.88,25,23,1.78,LY,1684031957
433,naze,28.3667,129.4833,22.51,68,100,4.93,JP,1684031957
434,mata-utu,-13.2816,-176.1745,28.27,74,3,3.96,WF,1684031957
435,brazzaville,-4.2658,15.2832,23.69,91,28,0.25,CG,1684031717
436,lamu,-2.2717,40.902,26.12,85,92,4.79,KE,1684031958
437,ketchikan,55.3422,-131.6461,11.26,93,100,1.54,US,1684031804
438,lorengau,-2.0226,147.2712,30.22,65,11,2.45,PG,1684031958
439,lodwar,3.1191,35.5973,27.53,60,41,4.73,KE,1684031958
440,abepura,-2.6333,140.5833,34.45,46,20,2.06,ID,1684031959
441,dabola,10.75,-11.1167,25.77,73,100,1.54,GN,1684031959
442,douala,4.0483,9.7043,25.95,100,40,0.51,CM,1684031959
443,bom jardim,-7.7958,-35.5872,20.97,96,38,0.57,BR,1684031959
444,sombrerete,23.6333,-103.65,14.34,26,18,4.79,MX,1684031960
445,dokkum,53.3222,5.997,11.1,100,100,3.09,NL,1684031663
446,cerkno,46.1256,13.9817,11.88,91,100,2.09,SI,1684031960
447,cannonvale,-20.2833,148.7,21.66,73,85,9.07,AU,1684031960
448,burang,30.25,81.1667,1.87,64,56,1.67,CN,1684031961
449,korhogo,9.45,-5.6333,23.96,83,95,2.21,CI,1684031961
450,kitimat,54.0524,-128.6534,16.21,90,72,1.62,CA,1684031962
451,esquel,-42.9,-71.3167,10.7,92,90,2.98,AR,1684031961
452,pudozh,61.8099,36.5345,7.6,76,37,0.37,RU,1684031962
453,negara,-8.3151,114.6025,27.78,63,57,4.56,ID,1684031962
454,rondonopolis,-16.4708,-54.6356,20.23,75,71,1.22,BR,1684031936
455,matoury,4.8483,-52.3317,23.98,100,20,1.03,GF,1684031963
456,belleville,44.1788,-77.3705,13.88,47,20,3.09,CA,1684031728
457,kalaleh,37.3807,55.4916,16.78,88,75,4.12,IR,1684031964
458,arsen'yev,44.1631,133.2733,17.48,54,100,4.22,RU,1684031856
459,mil'kovo,55.6078,37.7956,10.62,82,4,3.35,RU,1684031964
460,kerikeri,-35.2268,173.9474,16.75,66,72,1.48,NZ,1684031808
461,muli,2.9167,73.5667,28.28,78,89,8.24,MV,1684031965
462,lensk,60.7253,114.9278,2.51,69,99,4.54,RU,1684031965
463,quiberon,47.4841,-3.1196,11.22,89,3,4.5,FR,1684031965
464,zarinsk,53.7074,84.9493,8.79,35,84,5.49,RU,1684031966
465,pechora,65.1472,57.2244,-1.75,84,98,2.38,RU,1684031967
466,labytnangi,66.6572,66.4183,-5.02,85,100,2.57,RU,1684031968
467,ha'il,27.5219,41.6907,22.01,26,0,2.06,SA,1684031968
468,villa gesell,-37.2639,-56.973,11.14,76,96,3.46,AR,1684031969
469,turkmenbasy,40.0222,52.9552,16.43,72,75,5.14,TM,1684031969
470,ndola,-12.9587,28.6366,13.08,88,82,0.45,ZM,1684031970
471,port lincoln,-34.7333,135.8667,19.33,39,100,2.05,AU,1684031970
472,bireun,5.203,96.7009,30.24,64,33,2.63,ID,1684031970
473,belomorsk,64.5232,34.7668,8.16,70,11,3.42,RU,1684031970
474,assai,-23.3733,-50.8414,15.92,91,0,1.26,BR,1684031971
475,ostrhauderfehn,53.1333,7.6167,10.03,98,100,1.51,DE,1684031976
476,fort st. john,56.2499,-120.8529,24.94,25,75,4.12,CA,1684031976
477,petoskey,45.3733,-84.9553,14.91,38,0,3.09,US,1684031891
478,fort-shevchenko,44.5086,50.263,14.5,82,100,6.65,KZ,1684031977
479,fuerte olimpo,-21.0415,-57.8738,16.5,67,1,1.76,PY,1684031977
480,dangriga,16.9692,-88.2321,27.01,83,31,5.89,BZ,1684031977
481,caleta de carquin,-11.0925,-77.6267,21.17,82,2,3.14,PE,1684031977
482,palikir - national government center,6.9248,158.1611,31.41,70,100,3.6,FM,1684031977
483,gulf shores,30.246,-87.7008,25.04,76,0,0.0,US,1684031974
484,yemetsk,63.4721,41.7941,5.19,70,6,0.29,RU,1684031978
485,gornozavodsk,58.3758,58.3211,7.23,84,100,2.71,RU,1684031978
486,sao felix do xingu,-6.6447,-51.995,24.3,83,70,0.6,BR,1684031978
487,tobelo,1.7284,128.0095,29.11,75,26,1.54,ID,1684031978
488,azul,-36.777,-59.8585,12.27,53,71,2.97,AR,1684031979
489,belyy yar,53.6039,91.3903,4.94,33,0,2.0,RU,1684031979
490,dhulia,20.9,74.7833,33.87,28,0,7.77,IN,1684031979
491,shetpe,44.1667,52.1167,15.11,51,100,9.2,KZ,1684031980
492,kourou,5.1552,-52.6478,24.03,92,100,2.55,GF,1684031980
493,xilin hot,43.9667,116.0333,21.45,23,100,7.48,CN,1684031980
494,tete,-16.1564,33.5867,18.48,86,23,1.39,MZ,1684031980
495,mar del plata,-38.0023,-57.5575,13.94,84,0,3.09,AR,1684031934
496,ardatov,55.2421,43.097,7.91,94,26,4.33,RU,1684031981
497,hami,42.8,93.45,27.39,13,13,3.62,CN,1684031981
498,talara,-4.5772,-81.2719,25.42,83,40,5.14,PE,1684031981
499,anadyr,64.75,177.4833,0.28,100,100,9.0,RU,1684031730
500,amos,48.5669,-78.1162,2.01,74,32,3.86,CA,1684031780
501,yarmouth,41.7057,-70.2286,14.42,81,0,1.79,US,1684031981
502,ormara,25.2088,64.6357,28.21,85,0,4.69,PK,1684031982
503,katima mulilo,-17.5,24.2667,14.76,48,0,2.4,NA,1684031982
504,jeju city,33.5097,126.5219,18.96,68,75,2.57,KR,1684031982
505,la foa,-21.7108,165.8276,25.38,60,99,1.92,NC,1684031982
506,monroeville,40.4212,-79.7881,16.61,88,61,0.26,US,1684031983
507,drezdenko,52.8383,15.8308,6.61,95,15,2.46,PL,1684031983
508,klaksvik,62.2266,-6.589,8.51,81,95,7.83,FO,1684031983
509,libreville,0.3925,9.4537,26.66,85,100,1.71,GA,1684031983
510,bodaybo,57.8506,114.1933,3.89,61,100,3.96,RU,1684031983
511,beau vallon,-20.4189,57.6953,22.9,81,11,3.76,MU,1684031984
512,petrozavodsk,61.7849,34.3469,2.7,93,91,1.0,RU,1684031841
513,cintalapa de figueroa,16.7333,-93.7167,24.02,63,89,2.62,MX,1684031985
514,gejiu,23.306,103.1635,10.54,95,100,1.59,CN,1684031986
515,huangshan,29.7114,118.3125,26.09,53,100,1.05,CN,1684031987
516,mopti,14.6667,-4.0,32.74,30,88,2.9,ML,1684031987
517,poso,-1.3959,120.7524,30.7,61,11,1.77,ID,1684031987
518,kontcha,7.9667,12.2333,23.47,82,100,0.82,CM,1684031988
519,shortandy,51.7006,70.9994,8.57,77,78,5.52,KZ,1684031988
520,arar,30.9753,41.0381,21.01,37,0,4.12,SA,1684031988
521,morehead city,34.7229,-76.726,22.79,82,0,7.2,US,1684031988
522,wakkanai,45.4094,141.6739,19.99,24,0,8.75,JP,1684031989
523,bandarbeyla,9.4942,50.8122,27.21,87,64,7.92,SO,1684031989
524,inda silase,14.1031,38.2829,20.47,48,2,2.86,ET,1684031989
525,manaure,11.7751,-72.4445,28.04,73,91,5.78,CO,1684031989
526,baijiantan,45.6333,85.1833,28.12,25,80,5.24,CN,1684031989
527,bull savanna,17.8868,-77.5902,24.16,84,100,3.06,JM,1684031990
528,tomar,39.602,-8.4092,11.01,89,0,2.21,PT,1684031990
529,turpan,42.9333,89.1667,32.39,16,11,2.09,CN,1684031991
530,baringo,0.4667,35.9667,19.81,74,97,2.3,KE,1684031991
531,guira de melena,22.7906,-82.5053,25.29,83,93,2.89,CU,1684031992
532,levuka,50.1834,-105.4011,18.84,54,0,1.28,CA,1684031992
533,ulety,51.3572,112.4849,7.17,67,100,4.1,RU,1684031992
534,hancheng,32.5186,112.3522,30.74,28,0,3.58,CN,1684031992
535,codrington,-38.2667,141.9667,18.15,46,15,3.2,AU,1684031993
536,zakamensk,50.3741,103.2863,8.5,29,80,3.62,RU,1684031993
537,dhidhdhoo,6.8833,73.1,28.43,75,100,4.4,MV,1684031993
538,geraldton,-28.7667,114.6,19.23,63,0,5.14,AU,1684031980
539,khawr fakkan,25.3313,56.342,31.03,30,1,3.76,AE,1684031994
540,tchintabaraden,15.8969,5.7985,28.87,38,76,2.39,NE,1684031994
541,chonchi,-42.6128,-73.8092,13.95,98,100,1.63,CL,1684031994
542,bakchar,57.0186,82.0711,5.58,33,100,2.29,RU,1684031994
543,livingstone,-17.8419,25.8543,15.71,51,0,1.02,ZM,1684031994
544,isoka,-10.1606,32.6335,15.6,92,99,0.68,ZM,1684031995
545,sarandi del yi,-33.35,-55.6333,12.08,86,58,0.8,UY,1684031995
546,adrar,20.5022,-10.0711,29.58,15,45,5.96,MR,1684031995
547,greenville,35.6127,-77.3663,22.3,75,0,4.12,US,1684031973
548,indre arna,60.4247,5.4764,9.97,92,100,1.24,NO,1684031995
549,pekalongan,-6.8886,109.6753,28.72,62,19,1.05,ID,1684031996
550,dingtao,35.0683,115.5625,31.57,30,0,6.23,CN,1684031996
551,kailua-kona,19.6406,-155.9956,29.98,66,75,6.17,US,1684031996
552,galle,6.0367,80.217,27.6,86,100,5.68,LK,1684031996
553,portland,45.5234,-122.6762,32.33,24,20,6.17,US,1684031791
554,luderitz,-26.6481,15.1594,12.36,65,0,5.59,NA,1684031997
555,el salto,20.3333,-104.5,16.79,50,31,1.65,MX,1684031742
556,saint-joseph,-21.3667,55.6167,22.21,80,22,2.41,RE,1684031997
557,canmore,51.0834,-115.3521,21.06,30,11,3.09,CA,1684031794
558,saint-laurent-du-maroni,5.5039,-54.0289,23.61,99,100,0.8,GF,1684031998
559,sherbrooke,45.4001,-71.8991,8.11,57,0,2.57,CA,1684031825
560,polyarnyy,69.1989,33.4478,5.0,95,99,4.65,RU,1684031998
561,narvik,68.4384,17.4272,7.43,92,100,1.87,NO,1684031998
562,longboat key,27.4125,-82.659,26.11,72,100,5.14,US,1684031999
563,nguigmi,14.2495,13.1092,30.15,19,36,4.51,NE,1684031999
564,arno,60.1167,18.6333,6.55,61,0,2.49,SE,1684031999
565,erseke,40.3378,20.6789,10.24,94,100,2.37,AL,1684031999
566,cantaura,9.3057,-64.3584,27.32,60,88,5.84,VE,1684031999
567,biloela,-24.4167,150.5,21.21,63,100,5.84,AU,1684032000
568,brumunddal,60.881,10.9395,6.82,97,1,0.33,NO,1684032000
569,adigrat,14.277,39.462,14.75,69,2,1.82,ET,1684032000
570,atar,20.5169,-13.0499,30.23,17,30,3.94,MR,1684032000
571,ta`u,-14.2336,-169.5144,27.84,70,13,1.76,AS,1684032000
572,adilabad,19.6667,78.5333,36.91,15,18,8.54,IN,1684032001
573,tokonou,9.65,-9.7833,21.83,94,100,1.99,GN,1684032001
574,kolokani,13.5728,-8.0339,29.91,45,95,3.88,ML,1684031913
575,tarawa,1.419,172.984,31.05,74,20,4.12,KI,1684032002
576,viedma,-40.8135,-62.9967,14.88,59,100,3.11,AR,1684032002
577,harper,4.375,-7.7169,26.29,86,89,1.44,LR,1684032003
578,sao jose da coroa grande,-8.8978,-35.1478,26.58,75,90,3.1,BR,1684032003
579,ixtapa,20.7,-105.2,25.57,73,75,3.09,MX,1684032003
580,piacabucu,-10.4056,-36.4344,26.75,71,100,3.95,BR,1684032004
581,cold lake,54.4502,-110.2017,23.97,27,75,2.57,CA,1684032004
582,diplo,24.4667,69.584,30.93,59,0,9.14,PK,1684032004
583,sorsk,54.0033,90.2467,1.42,37,100,3.88,RU,1684032005
584,panaba,21.2833,-88.2667,27.04,68,1,6.26,MX,1684032005
585,nako,31.8814,78.627,2.79,62,47,1.16,IN,1684032006
586,citta di castello,43.4691,12.2305,13.2,91,100,1.33,IT,1684032006
587,severo-yeniseyskiy,60.3725,93.0408,-2.88,65,82,2.68,RU,1684032007
588,cabo san lucas,22.8909,-109.9124,25.61,49,0,3.09,MX,1684031809
589,barreiro do jaiba,-15.6167,-43.6,23.0,62,53,1.68,BR,1684032007
590,dunedin,-45.8742,170.5036,11.06,81,85,3.27,NZ,1684031837
591,zaragoza,41.6561,-0.8773,13.34,76,0,7.2,ES,1684032008
592,mount darwin,-16.7725,31.5838,13.92,87,42,1.0,ZW,1684032008
